FKDLGEENFK	sp|P02768|ALBU_HUMAN	1.0000
ALVLIAFAQYLQQCPFEDHVK	sp|P02768|ALBU_HUMAN	1.0000
ALVLIAFAQYLQQCPFEDHVK	sp|P02768|ALBU_HUMAN	0.9941
ALVLIAFAQYLQQCPFEDHVK	sp|P02768|ALBU_HUMAN	1.0000
ALVLIAFAQYLQQCPFEDHVK	sp|P02768|ALBU_HUMAN	0.9998
QEPERNECFLQHKDDNPNLPR	sp|P02768|ALBU_HUMAN	1.0000
QEPERNECFLQHK	sp|P02768|ALBU_HUMAN	0.6427
NECFLQHKDDNPNLPR	sp|P02768|ALBU_HUMAN	0.9951
LVRPEVDVMCTAFHDNEETFLK	sp|P02768|ALBU_HUMAN	1.0000
RHPYFYAPELLFFAK	sp|P02768|ALBU_HUMAN	1.0000
VHTECCHGDLLECADDR	sp|P02768|ALBU_HUMAN	1.0000
SHCIAEVENDEMPADLPSLAADFVESK	sp|P02768|ALBU_HUMAN	1.0000
SHCIAEVENDEMPADLPSLAADFVESK	sp|P02768|ALBU_HUMAN	1.0000
RHPDYSVVLLLR	sp|P02768|ALBU_HUMAN	0.5424
RHPDYSVVLLLR	sp|P02768|ALBU_HUMAN	1.0000
VFDEFKPLVEEPQNLIK	sp|P02768|ALBU_HUMAN	0.9994
QNCELFEQLGEYKFQNALLVR	sp|P02768|ALBU_HUMAN	0.9421
VPQVSTPTLVEVSR	sp|P02768|ALBU_HUMAN	1.0000
RMPCAEDYLSVVLNQLCVLHEK	sp|P02768|ALBU_HUMAN	1.0000
MPCAEDYLSVVLNQLCVLHEK	sp|P02768|ALBU_HUMAN	1.0000
EFNAETFTFHADICTLSEK	sp|P02768|ALBU_HUMAN	0.8403
EFNAETFTFHADICTLSEKER	sp|P02768|ALBU_HUMAN	0.7770
AIAANEADAVTLDAGLVYDAYLAPNNLKPVVAEFYGSK	sp|P02787|TRFE_HUMAN	0.5989
AIAANEADAVTLDAGLVYDAYLAPNNLKPVVAEFYGSK	sp|P02787|TRFE_HUMAN	0.9996
AIAANEADAVTLDAGLVYDAYLAPNNLKPVVAEFYGSK	sp|P02787|TRFE_HUMAN	0.9982
AIAANEADAVTLDAGLVYDAYLAPNNLKPVVAEFYGSK	sp|P02787|TRFE_HUMAN	0.9999
AIAANEADAVTLDAGLVYDAYLAPNNLKPVVAEFYGSK	sp|P02787|TRFE_HUMAN	0.7040
AIAANEADAVTLDAGLVYDAYLAPNNLKPVVAEFYGSK	sp|P02787|TRFE_HUMAN	0.9623
AIAANEADAVTLDAGLVYDAYLAPNNLKPVVAEFYGSK	sp|P02787|TRFE_HUMAN	1.0000
AIAANEADAVTLDAGLVYDAYLAPNNLKPVVAEFYGSK	sp|P02787|TRFE_HUMAN	0.9912
AIAANEADAVTLDAGLVYDAYLAPNNLKPVVAEFYGSK	sp|P02787|TRFE_HUMAN	1.0000
EDPQTFYYAVAVVK	sp|P02787|TRFE_HUMAN	1.0000
SAGWNIPIGLLYCDLPEPR	sp|P02787|TRFE_HUMAN	1.0000
AVANFFSGSCAPCADGTDFPQLCQLCPGCGCSTLNQYFGYSGAFK	sp|P02787|TRFE_HUMAN	0.9998
CLKDGAGDVAFVK	sp|P02787|TRFE_HUMAN	1.0000
HSTIFENLANK	sp|P02787|TRFE_HUMAN	1.0000
HSTIFENLANKADRDQYELLCLDNTR	sp|P02787|TRFE_HUMAN	0.9939
KPVDEYKDCHLAQVPSHTVVAR	sp|P02787|TRFE_HUMAN	1.0000
SMGGKEDLIWELLNQAQEHFGK	sp|P02787|TRFE_HUMAN	1.0000
WSVNSVGKIECVSAETTEDCIAK	sp|P02787|TRFE_HUMAN	0.7045
LCMGSGLNLCEPNNKEGYYGYTGAFR	sp|P02787|TRFE_HUMAN	1.0000
NLNEKDYELLCLDGTR	sp|P02787|TRFE_HUMAN	0.9995
KPVEEYANCHLAR	sp|P02787|TRFE_HUMAN	1.0000
KCSTSSLLEACTFR	sp|P02787|TRFE_HUMAN	1.0000
DSPIQCIQAIAENR	sp|P02788|TRFL_HUMAN	0.8235
LRPVAAEVYGTERQPR	sp|P02788|TRFL_HUMAN	0.9999
LRPVAAEVYGTERQPR	sp|P02788|TRFL_HUMAN	0.9021
ESTVFEDLSDEAERDEYELLCPDNTR	sp|P02788|TRFL_HUMAN	0.9723
VPPRIDSGLYLGSGYFTAIQNLR	sp|P02788|TRFL_HUMAN	1.0000
IDSGLYLGSGYFTAIQNLRK	sp|P02788|TRFL_HUMAN	0.8569
YLGPQYVAGITNLK	sp|P02788|TRFL_HUMAN	0.9861
ADSRDPASDQMQHWK	sp|P04040|CATA_HUMAN	1.0000
DPASDQMQHWK	sp|P04040|CATA_HUMAN	0.9973
ADVLTTGAGNPVGDKLNVITVGPR	sp|P04040|CATA_HUMAN	1.0000
GPLLVQDVVFTDEMAHFDRER	sp|P04040|CATA_HUMAN	1.0000
GPLLVQDVVFTDEMAHFDR	sp|P04040|CATA_HUMAN	1.0000
GAGAFGYFEVTHDITK	sp|P04040|CATA_HUMAN	1.0000
FYTEDGNWDLVGNNTPIFFIR	sp|P04040|CATA_HUMAN	1.0000
FYTEDGNWDLVGNNTPIFFIRDPILFPSFIHSQK	sp|P04040|CATA_HUMAN	0.9999
FYTEDGNWDLVGNNTPIFFIRDPILFPSFIHSQK	sp|P04040|CATA_HUMAN	1.0000
YPSWTFYIQVMTFNQAETFPFNPFDLTK	sp|P04040|CATA_HUMAN	0.9931
VWPHKDYPLIPVGK	sp|P04040|CATA_HUMAN	0.9991
NPVNYFAEVEQIAFDPSNMPPGIEASPDK	sp|P04040|CATA_HUMAN	0.9997
NPVNYFAEVEQIAFDPSNMPPGIEASPDK	sp|P04040|CATA_HUMAN	1.0000
LGPNYLHIPVNCPYR	sp|P04040|CATA_HUMAN	1.0000
DGPMCMQDNQGGAPNYYPNSFGAPEQQPSALEHSIQYSGEVR	sp|P04040|CATA_HUMAN	0.9999
DGPMCMQDNQGGAPNYYPNSFGAPEQQPSALEHSIQYSGEVR	sp|P04040|CATA_HUMAN	0.9915
NFTEVHPDYGSHIQALLDKYNAEKPK	sp|P04040|CATA_HUMAN	1.0000
NAIHTFVQSGSHLAAR	sp|P04040|CATA_HUMAN	1.0000
NAIHTFVQSGSHLAAR	sp|P04040|CATA_HUMAN	1.0000
VPEARPNSMVVEHPEFLK	sp|P06396|GELS_HUMAN	1.0000
AGKEPGLQIWR	sp|P06396|GELS_HUMAN	1.0000
VEKFDLVPVPTNLYGDFFTGDAYVILK	sp|P06396|GELS_HUMAN	0.9434
VEKFDLVPVPTNLYGDFFTGDAYVILK	sp|P06396|GELS_HUMAN	1.0000
FDLVPVPTNLYGDFFTGDAYVILK	sp|P06396|GELS_HUMAN	1.0000
EVQGFESATFLGYFK	sp|P06396|GELS_HUMAN	1.0000
ATEVPVSWESFNNGDCFILDLGNNIHQWCGSNSNR	sp|P06396|GELS_HUMAN	1.0000
VHVSEEGTEPEAMLQVLGPKPALPAGTEDTAK	sp|P06396|GELS_HUMAN	0.9998
VHVSEEGTEPEAMLQVLGPKPALPAGTEDTAKEDAANR	sp|P06396|GELS_HUMAN	0.9982
SEDCFILDHGK	sp|P06396|GELS_HUMAN	1.0000
NWRDPDQTDGLGLSYLSSHIANVER	sp|P06396|GELS_HUMAN	1.0000
NWRDPDQTDGLGLSYLSSHIANVER	sp|P06396|GELS_HUMAN	1.0000
DPDQTDGLGLSYLSSHIANVER	sp|P06396|GELS_HUMAN	0.9999
VPFDAATLHTSTAMAAQHGMDDDGTGQK	sp|P06396|GELS_HUMAN	1.0000
IEGSNKVPVDPATYGQFYGGDSYIILYNYR	sp|P06396|GELS_HUMAN	1.0000
QGQIIYNWQGAQSTQDEVAASAILTAQLDEELGGTPVQSR	sp|P06396|GELS_HUMAN	0.9999
QGQIIYNWQGAQSTQDEVAASAILTAQLDEELGGTPVQSR	sp|P06396|GELS_HUMAN	0.9522
QGQIIYNWQGAQSTQDEVAASAILTAQLDEELGGTPVQSR	sp|P06396|GELS_HUMAN	0.9995
QGQIIYNWQGAQSTQDEVAASAILTAQLDEELGGTPVQSR	sp|P06396|GELS_HUMAN	0.9997
EPAHLMSLFGGKPMIIYK	sp|P06396|GELS_HUMAN	0.9874
HGSPVDICTAKPR	sp|P01008|ANT3_HUMAN	0.9999
KATEDEGSEQKIPEATNR	sp|P01008|ANT3_HUMAN	1.0000
KATEDEGSEQKIPEATNRR	sp|P01008|ANT3_HUMAN	1.0000
ATEDEGSEQKIPEATNR	sp|P01008|ANT3_HUMAN	1.0000
ATEDEGSEQKIPEATNRR	sp|P01008|ANT3_HUMAN	1.0000
FATTFYQHLADSKNDNDNIFLSPLSISTAF	sp|P01008|ANT3_HUMAN	1.0000
FATTFYQHLADSKNDNDNIFLSPLSISTAFAMTK	sp|P01008|ANT3_HUMAN	0.9974
FATTFYQHLADSKNDNDNIFLSPLSISTAFAMTK	sp|P01008|ANT3_HUMAN	0.9988
ATTFYQHLADSKNDNDNIFLSPLSISTAFAMTK	sp|P01008|ANT3_HUMAN	0.9395
LADSKNDNDNIFLSPLSISTAFAMTK	sp|P01008|ANT3_HUMAN	0.8860
NDNDNIFLSPLSISTAFAMTK	sp|P01008|ANT3_HUMAN	0.9987
ITDVIPSEAINELTVLVLVNTIYFK	sp|P01008|ANT3_HUMAN	1.0000
VAEGTQVLELPFKGDDITMVLILPKPEK	sp|P01008|ANT3_HUMAN	0.9793
VAEGTQVLELPFKGDDITMVLILPKPEK	sp|P01008|ANT3_HUMAN	0.7521
ELTPEVLQEWLDELEEMMLVVHMPR	sp|P01008|ANT3_HUMAN	0.8809
FRIEDGFSLK	sp|P01008|ANT3_HUMAN	1.0000
IEDGFSLKEQLQDMGLVDLFSPEK	sp|P01008|ANT3_HUMAN	1.0000
LPGIVAEGRDDLYVSDAFHK	sp|P01008|ANT3_HUMAN	1.0000
FKLNYKPEEEYPDLSK	sp|P06732|KCRM_HUMAN	0.9822
DKETPSGFTVDDVIQTGVDNPGHPFIMTVGCVAGDEESYEVFK	sp|P06732|KCRM_HUMAN	0.2573
DKETPSGFTVDDVIQTGVDNPGHPFIMTVGCVAGDEESYEVFK	sp|P06732|KCRM_HUMAN	0.9734
ETPSGFTVDDVIQTGVDNPGHPFIMTVGCVAGDEESYEVFK	sp|P06732|KCRM_HUMAN	0.8091
TVGCVAGDEESYEVFKELFDPIISDR	sp|P06732|KCRM_HUMAN	0.9823
TDLNHENLKGGDDLDPNYVLSSR	sp|P06732|KCRM_HUMAN	1.0000
LSVEALNSLTGEFK	sp|P06732|KCRM_HUMAN	0.9996
SMTEKEQQQLIDDHFLFDKPVSPLLLASGMAR	sp|P06732|KCRM_HUMAN	0.9976
SMTEKEQQQLIDDHFLFDKPVSPLLLASGMAR	sp|P06732|KCRM_HUMAN	0.9998
EQQQLIDDHFLFDKPVSPLLLASGMAR	sp|P06732|KCRM_HUMAN	1.0000
EQQQLIDDHFLFDKPVSPLLLASGMAR	sp|P06732|KCRM_HUMAN	1.0000
EQQQLIDDHFLFDKPVSPLLLASGMAR	sp|P06732|KCRM_HUMAN	0.9195
SFLVWVNEEDHLR	sp|P06732|KCRM_HUMAN	0.9996
AGHPFMWNQHLGYVLTCPSNLGTGLR	sp|P06732|KCRM_HUMAN	1.0000
GTGGVDTAAVGSVFDVSNADRLGSSEVEQVQLVVDGVK	sp|P06732|KCRM_HUMAN	0.9977
QEFEVMEDHAGTYGLGDRK	sp|P10636|TAU_HUMAN	0.9165
QEFEVMEDHAGTYGLGDRK	sp|IPI00025499.1	0.9165
KDQGGYTMHQDQEGDTDAGLK	sp|P10636|TAU_HUMAN	0.9197
KDQGGYTMHQDQEGDTDAGLK	sp|IPI00025499.1	0.9197
DQGGYTMHQDQEGDTDAGLKESPLQTPTEDGSEEPGSETSDAK	sp|P10636|TAU_HUMAN	0.9988
DQGGYTMHQDQEGDTDAGLKESPLQTPTEDGSEEPGSETSDAK	sp|IPI00025499.1	0.9988
STPTAEDVTAPLVDEGAPGK	sp|P10636|TAU_HUMAN	1.0000
STPTAEDVTAPLVDEGAPGK	sp|IPI00025499.1	1.0000
QAAAQPHTEIPEGTTAEEAGIGDTPSLEDEAAGHVTQAR	sp|IPI00025499.1	0.9964
QAAAQPHTEIPEGTTAEEAGIGDTPSLEDEAAGHVTQAR	sp|IPI00025499.1	1.0000
AAQPHTEIPEGTTAEEAGIGDTPSLEDEAAGHVTQAR	sp|IPI00025499.1	0.9610
TEIPEGTTAEEAGIGDTPSLEDEAAGHVTQAR	sp|IPI00025499.1	0.8722
IGSLDNITHVPGGGNKK	sp|P10636|TAU_HUMAN	1.0000
IGSLDNITHVPGGGNKK	sp|IPI00025499.1	1.0000
AKTDHGAEIVYK	sp|P10636|TAU_HUMAN	1.0000
AKTDHGAEIVYK	sp|IPI00025499.1	1.0000
QSPVDIDTHTAK	sp|P00918|CAH2_HUMAN	0.7756
YDPSLKPLSVSYDQATSLR	sp|P00918|CAH2_HUMAN	0.9963
YDPSLKPLSVSYDQATSLR	sp|P00918|CAH2_HUMAN	1.0000
ILNNGHAFNVEFDDSQDKAVLK	sp|P00918|CAH2_HUMAN	0.3851
HAFNVEFDDSQDKAVLK	sp|P00918|CAH2_HUMAN	0.9994
LIQFHFHWGSLDGQGSEHTVDK	sp|P00918|CAH2_HUMAN	1.0000
LIQFHFHWGSLDGQGSEHTVDK	sp|P00918|CAH2_HUMAN	0.9999
YAAELHLVHWN	sp|P00918|CAH2_HUMAN	0.9999
YAAELHLVHWN	sp|P07451|CAH3_HUMAN	0.9999
AVQQPDGLAVLGIFLK	sp|P00918|CAH2_HUMAN	1.0000
VVDVLDSIKTKGK	sp|P00918|CAH2_HUMAN	0.7747
LKAQLGPDESK	sp|P12081|SYHC_HUMAN	0.6652
RHGAEVIDTPVFELK	sp|P12081|SYHC_HUMAN	0.9999
HGAEVIDTPVFELK	sp|P12081|SYHC_HUMAN	1.0000
EFYQCDFDIAGNFDPMIPDAECLK	sp|P12081|SYHC_HUMAN	0.9978
IMCEILSSLQIGDFLVK	sp|P12081|SYHC_HUMAN	1.0000
IGDYVQQHGGVSLVEQLLQDPK	sp|P12081|SYHC_HUMAN	1.0000
KVPCVGLSIGVER	sp|P12081|SYHC_HUMAN	1.0000
LLNQLQYCEEAGIPLVAIIGEQELKDGVIK	sp|P12081|SYHC_HUMAN	1.0000
QPSGTGPEDTEGGRHAPELLKH	sp|P10636|TAU_HUMAN	0.3812
TSETKHDTSLKPISVSYNPATAK	sp|P00915|CAH1_HUMAN	1.0000
HDTSLKPISVSYNPATAK	sp|P00915|CAH1_HUMAN	1.0000
YSAELHVAHWNSAK	sp|P00915|CAH1_HUMAN	0.9998
YSSLAEAASKADGLAVIGVLMK	sp|P00915|CAH1_HUMAN	0.9994
ESISVSSEQLAQFR	sp|P00915|CAH1_HUMAN	1.0000
SLLSNVEGDNAVPMQHNNRPTQPLK	sp|P00915|CAH1_HUMAN	0.9923
SLLSNVEGDNAVPMQHNNRPTQPLK	sp|P00915|CAH1_HUMAN	0.9916
LVDQNIFSFYLSR	sp|P07339|CATD_HUMAN	1.0000
LVDQNIFSFYLSRDPDAQPGGELMLGGTDSK	sp|P07339|CATD_HUMAN	1.0000
AYWQVHLDQVEVASGLTLCK	sp|P07339|CATD_HUMAN	1.0000
YYTVFDRDNNR	sp|P07339|CATD_HUMAN	0.9924
TLGLYGKDQQEAALVDMVNDGVEDLR	sp|P09211|GSTP1_HUMAN	1.0000
TFIVGDQISFADYNLLDLLLIHEVLAPGCLDAFPLLSAYVGR	sp|P09211|GSTP1_HUMAN	0.8385
AFLASPEYVNLPINGNGKQ	sp|P09211|GSTP1_HUMAN	0.9849
QVVIDGETCLLDILDTAGQEEYSAMR	sp|P01112|RASH_HUMAN	1.0000
QVVIDGETCLLDILDTAGQEEYSAMR	sp|P01116|RASK_HUMAN	1.0000
QVVIDGETCLLDILDTAGQEEYSAMR	sp|P01111|RASN_HUMAN	1.0000
QVVIDGETCLLDILDTAGQEEYSAMR	sp|P01112|RASH_HUMAN	1.0000
QVVIDGETCLLDILDTAGQEEYSAMR	sp|P01116|RASK_HUMAN	1.0000
QVVIDGETCLLDILDTAGQEEYSAMR	sp|P01111|RASN_HUMAN	1.0000
QVVIDGETCLLDILDTAGQEEYSAMRDQYMR	sp|P01112|RASH_HUMAN	1.0000
QVVIDGETCLLDILDTAGQEEYSAMRDQYMR	sp|P01116|RASK_HUMAN	1.0000
QVVIDGETCLLDILDTAGQEEYSAMRDQYMR	sp|P01111|RASN_HUMAN	1.0000
QVVIDGETCLLDILDTAGQEEYSAMRDQYMR	sp|P01112|RASH_HUMAN	0.7734
QVVIDGETCLLDILDTAGQEEYSAMRDQYMR	sp|P01116|RASK_HUMAN	0.7734
QVVIDGETCLLDILDTAGQEEYSAMRDQYMR	sp|P01111|RASN_HUMAN	0.7734
VKDSDDVPMVLVGNK	sp|P01112|RASH_HUMAN	0.9999
VKDSDDVPMVLVGNK	sp|P01111|RASN_HUMAN	0.9999
KLNPPDESGPGCMSCK	sp|P01112|RASH_HUMAN	1.0000
HPAPNFKATAVMPDGQFK	sp|Q06830|PRDX1_HUMAN	0.9723
GKYVVFFFYPLDFTFVCPTEIIAFSDR	sp|Q06830|PRDX1_HUMAN	0.3311
YVVFFFYPLDFTFVCPTEIIAFSDR	sp|Q06830|PRDX1_HUMAN	1.0000
LNCQVIGASVDSHFCHLAWVNTPK	sp|Q06830|PRDX1_HUMAN	0.9806
KQGGLGPMNIPLVSDPKR	sp|Q06830|PRDX1_HUMAN	0.9996
HGEVCPAGWKPGSDTIKPDVQK	sp|Q06830|PRDX1_HUMAN	1.0000
HTGPGILSMANAGPNTNGSQFFICTAK	sp|P62937|PPIA_HUMAN	1.0000
HTGPGILSMANAGPNTNGSQFFICTAK	sp|IPI00549466.1	1.0000
VKEGMNIVEAMER	sp|P62937|PPIA_HUMAN	1.0000
VKEGMNIVEAMER	sp|IPI00549466.1	1.0000
EADLVIFQFPLYWFSVPAILK	sp|P16083|NQO2_HUMAN	0.9999
VLCQGFAFDIPGFYDSGLLQGK	sp|P16083|NQO2_HUMAN	0.9993
VLAPQISFAPEIASEEER	sp|P16083|NQO2_HUMAN	0.9949
VLAPQISFAPEIASEEERK	sp|P16083|NQO2_HUMAN	0.9665
GLGTDEESILTLLTSR	sp|P08758|ANXA5_HUMAN	1.0000
DLLDDLKSELTGKFEK	sp|P08758|ANXA5_HUMAN	0.9991
QVYEEEYGSSLEDDVVGDTSGYYQR	sp|P08758|ANXA5_HUMAN	1.0000
YMTISGFQIEETIDRETSGNLEQLLLAVVK	sp|P08758|ANXA5_HUMAN	0.4768
ETSGNLEQLLLAVVK	sp|P08758|ANXA5_HUMAN	0.9714
LLLEYLEEKYEEHLYER	sp|R63165|SUMO1_HUMAN_R	0.7468
LLLEYLEEKYEEHLYER	sp|P08515|GST26_SCHJA	0.7468
AEISMLEGAVLDIR	sp|R63165|SUMO1_HUMAN_R	1.0000
AEISMLEGAVLDIR	sp|P08515|GST26_SCHJA	1.0000
DFETLKVDFLSK	sp|R63165|SUMO1_HUMAN_R	0.9997
DFETLKVDFLSK	sp|P08515|GST26_SCHJA	0.9997
YIAWPLQGWQATFGGGDHPPK	sp|R63165|SUMO1_HUMAN_R	0.9348
YIAWPLQGWQATFGGGDHPPK	sp|P08515|GST26_SCHJA	0.9348
VADALTNAVAHVDDMPNALSALSDLHAHK	sp|P69905|HBA_HUMAN	0.9992
VADALTNAVAHVDDMPNALSALSDLHAHK	sp|P69905|HBA_HUMAN	0.9953
VADALTNAVAHVDDMPNALSALSDLHAHK	sp|P69905|HBA_HUMAN	0.9998
LLSHCLLVTLAAHLPAEFTPAVHASLDK	sp|P69905|HBA_HUMAN	1.0000
LLSHCLLVTLAAHLPAEFTPAVHASLDK	sp|P69905|HBA_HUMAN	1.0000
QKVTGLDFIPGLHPILTLSK	sp|P41159|LEP_HUMAN	0.9776
QKVTGLDFIPGLHPILTLSK	sp|P41159|LEP_HUMAN	1.0000
VTGLDFIPGLHPILTLSK	sp|P41159|LEP_HUMAN	0.9283
NVIQISNDLENLRDLLHVLAFSK	sp|P41159|LEP_HUMAN	0.7632
SCHLPWASGLETLDSLGGVLEASGYSTEVVALSR	sp|P41159|LEP_HUMAN	1.0000
SCHLPWASGLETLDSLGGVLEASGYSTEVVALSR	sp|P41159|LEP_HUMAN	0.9993
SCHLPWASGLETLDSLGGVLEASGYSTEVVALSR	sp|P41159|LEP_HUMAN	1.0000
SCHLPWASGLETLDSLGGVLEASGYSTEVVALSR	sp|P41159|LEP_HUMAN	1.0000
TLTGKTITLEVEPSDTIENVK	sp|P62988|UBIQ_HUMAN	0.9966
IQDKEGIPPDQQRLIFAGK	sp|P62988|UBIQ_HUMAN	0.4562
QLEDGRTLSDYNIQKESTLHLVLR	sp|P62988|UBIQ_HUMAN	0.4763
TLSDYNIQKESTLHLVLR	sp|P62988|UBIQ_HUMAN	0.9431
ELDALGHELPVLAPQWEGYDELQTDGNR	sp|P55957|BID_HUMAN	1.0000
NRDLATALEQLLQAYPR	sp|P55957|BID_HUMAN	0.9982
TAFQEALDAAGDKLVVVDFSATWCGPCK	sp|P10599|THIO_HUMAN	1.0000
YSNVIFLEVDVDDCQDVASECEVK	sp|P10599|THIO_HUMAN	0.9972
VEADIPGHGQEVLIR	sp|P02144|MYG_HUMAN	1.0000
HGATVLTALGGILK	sp|P02144|MYG_HUMAN	1.0000
GHHEAEIKPLAQSHATK	sp|P02144|MYG_HUMAN	0.9985
GLTEGLHGFHVHEFGDNTAGCTSAGPHFNPLSR	sp|P00441|SODC_HUMAN	1.0000
HVGDLGNVTADKDGVADVSIEDSVISLSGDHCIIGR	sp|P00441|SODC_HUMAN	1.0000
HVGDLGNVTADKDGVADVSIEDSVISLSGDHCIIGR	sp|P00441|SODC_HUMAN	1.0000
RENTQQHITAR	sp|P08311|CATG_HUMAN	1.0000
AAFKGDSGGPLLCNNVAHGIVSYGK	sp|P08311|CATG_HUMAN	1.0000
YWCNDGKTPGAVNACHLSCSALLQDNIADAVACAK	sp|P61626|LYSC_HUMAN	0.9995
TPGAVNACHLSCSALLQDNIADAVACAK	sp|P61626|LYSC_HUMAN	0.9998
TPGAVNACHLSCSALLQDNIADAVACAK	sp|P61626|LYSC_HUMAN	1.0000
ASQNRDPAATSVAAAR	sp|O00762|UBE2C_HUMAN	0.9999
SQNRDPAATSVAAAR	sp|O00762|UBE2C_HUMAN	0.9991
FLTPCYHPNVDTQGNICLDILK	sp|O00762|UBE2C_HUMAN	0.9715
TILLSIQSLLGEPNIDSPLNTHAAELWK	sp|O00762|UBE2C_HUMAN	1.0000
TILLSIQSLLGEPNIDSPLNTHAAELWK	sp|O00762|UBE2C_HUMAN	1.0000
RALIVLAHSER	sp|P15559|NQO1_HUMAN	0.9909
KLEAADLVIFQFPLQWFGVPAILK	sp|P15559|NQO1_HUMAN	0.9946
VVAGVANALAHKYH	sp|P68871|HBB_HUMAN	0.9071
VVAGVANALAHKYH	sp|P02042|HBD_HUMAN	0.9071
NWETEITAQPDGGKTENCAVLSGAANGK	sp|P05452|TETN_HUMAN	0.9941
KDPEGLFLQDNIVAEFSVDETGQMSATAK	sp|P02753|RETBP_HUMAN	0.9878
KDPEGLFLQDNIVAEFSVDETGQMSATAK	sp|P02753|RETBP_HUMAN	0.9809
KCCYDGACVNNDETCEQR	sp|P01031|CO5_HUMAN	1.0000
KCCYDGACVNNDETCEQR	sp|P01031|CO5_HUMAN	1.0000
CCYDGACVNNDETCEQR	sp|P01031|CO5_HUMAN	1.0000
AFTECCVVASQLR	sp|P01031|CO5_HUMAN	0.9891
DHPFGFVAVPTK	sp|P63279|UBC9_HUMAN	0.9997
VYPSGTVCLSILEEDKDWRPAITIK	sp|P63279|UBC9_HUMAN	0.7421
QILLGIQELLNEPNIQDPAQAEAYTIYCQNR	sp|P63279|UBC9_HUMAN	0.7926
QILLGIQELLNEPNIQDPAQAEAYTIYCQNR	sp|P63279|UBC9_HUMAN	1.0000
QILLGIQELLNEPNIQDPAQAEAYTIYCQNR	sp|P63279|UBC9_HUMAN	1.0000
DGFNPADVEAGLYGSHLYVWDWQR	sp|Q13228|SBP1_HUMAN	0.9998
DGFNPADVEAGLYGSHLYVWDWQR	sp|IPI00305719.7	0.9998
EQAGGDATENFEDVGHSTDAR	sp|P00167|CYB5_HUMAN	1.0000
EQAGGDATENFEDVGHSTDAR	sp|P00167|CYB5_HUMAN	0.9970
TLTGKEIEIDIEPTDKVER	sp|Q15843|NEDD8_HUMAN	0.9879
RQDNEILIFWSK	sp|P02741|CRP_HUMAN	0.9982
ASTSSSSSSSSNQQTEKETNTPK	sp|P51965|UB2E1_HUMAN	0.9970
YEWRSTILGPPGSVY	sp|P51965|UB2E1_HUMAN	0.6467
YEWRSTILGPPGSVY	sp|Q96LR5|UB2E2_HUMAN	0.6467
YEWRSTILGPPGSVY	sp|Q969T4|UB2E3_HUMAN	0.6467
VLLSICSLLTDCNPADPLVGSIATQYMTNR	sp|P51965|UB2E1_HUMAN	1.0000
VLLSICSLLTDCNPADPLVGSIATQYMTNR	sp|Q96LR5|UB2E2_HUMAN	1.0000
LPSEGPRPAHVVVGDVLQAADVDKTVAGQDAVIVLLGTR	sp|P30043|BLVRB_HUMAN	0.9944
AYRPSETLCGGELVDTLQFVCGDR	sp|P01344|IGF2_HUMAN	1.0000
ETPEGAEAKPWYEPIYLGGVFQLEK	sp|P01375|TNFA_HUMAN	1.0000
LLMALAGIDTLLIR	sp|P98160|PGBM_HUMAN	0.9985
NLVLHSARPGAPPPQPLDLQHR	sp|P98160|PGBM_HUMAN	0.9999
HFCGGALIHAR	sp|P20160|CAP7_HUMAN	1.0000
FKLDLDFPNLPYLLDGK	sp|P21266|GSTM3_HUMAN	1.0000
AIDQPFLLPIEDVFSISGR	sp|P43926|EFTU_HAEIN	0.9999
AKDLVIPPAFKLLF	sp|Q8WZ42|TITIN_HUMAN	0.9757
SGNTFRPEVHLLPPPSEELALNELVTLTCLAR	sp|P01876|IGHA1_HUMAN	0.9990
SGNTFRPEVHLLPPPSEELALNELVTLTCLAR	sp|P01877|IGHA2_HUMAN	0.9990
HMSEHTKCPELDCSFTAHEK	sp|Q9UHK0|NUFP1_HUMAN	0.8594
MSCVAHSGGAGGGAYGFR	sp|P12035|K2C3_HUMAN	0.8535
FGGAGGFGGAGGFGGAGGFGGPGGFGGSGGFGGPGSLGSP	sp|P12035|K2C3_HUMAN	0.5236
FLAETDQGPVPVEITAVEDDHVVVDGNHMLAGQNLK	sp|P0A9L0|SLYD_ECOL6	0.9986
FLAETDQGPVPVEITAVEDDHVVVDGNHMLAGQNLK	sp|P0A9K9|SLYD_ECOLI	0.9986
FLAETDQGPVPVEITAVEDDHVVVDGNHMLAGQNLK	sp|P0A9L1|SLYD_ECO57	0.9986
FEVKATNGDTHLGGE	sp|P11145|HSP74_TRYBB	0.3079
CDSDLCEMNAGMPKGNLNE	sp|Q6UB98|ANR12_HUMAN	0.5652
LLLFSPSVVHLGVPLSVGVQLQDVPR	sp|P0C0L4|CO4A_HUMAN	0.9948
LLLFSPSVVHLGVPLSVGVQLQDVPR	sp|P0C0L5|CO4B_HUMAN	0.9948
TIRNLSTVMDEIHTVLK	sp|Q8IX12|CCAR1_HUMAN	0.7232
GEVGADGVPGFPGLPGREGIAGPQGPK	sp|P39060|COIA1_HUMAN	0.9714
EEAMKPGAASSPLQQVPAPPLPAKK	sp|Q8TB24|RIN3_HUMAN	0.9100
EETHTIKLEDSYDYDDR	sp|Q9HBT7|ZN287_HUMAN	0.9901
GNGLQNPEPRGANMSEPR	sp|Q15697|ZN174_HUMAN	0.9849
NTSWGVVQEPPGRASR	sp|Q9H808|TLE6_HUMAN	0.9604
LKTFNLIPAVGLNVHSMLK	sp|Q9BYD3|RM04_HUMAN	0.9220
QRPGASTDSSTQGANLPDFELLSR	sp|Q9UPT8|CS007_HUMAN	0.9104
ADIWSVACTVVEMLTEKPPWAEFEAMAAIFK	sp|Q9Y2U5|M3K2_HUMAN	0.8226
WLCLIGYGVPLLIVGVSAAIYSK	sp|P48960|CD97_HUMAN	0.7804
TPSRPSALAYCYHCAQK	sp|Q8N3Z6|ZCHC7_HUMAN	0.5280
CGSSDNYSCLPNVISCTDNLEGSAMLLCD	sp|Q8NG31|CASC5_HUMAN	0.5313
SPGPRLQELLGPSPQR	sp|O14978|ZN263_HUMAN	0.5185
KPIFQANLELAQLELISR	sp|Q9NYV4|CD2L7_HUMAN	0.6686
ADTTTPTPTAILAPGSPASPPGSLEPK	sp|P25440|BRD2_HUMAN	0.4130
RSLVPVPSLPPSIPSSCASI	sp|Q96QT6|PHF12_HUMAN	0.3441
TPPTPPSSIVAK	sp|Q96QT6|PHF12_HUMAN	0.6923
NPSTNVSVVVFDSTK	sp|Q3T906|GNPTA_HUMAN	0.7204
MKEYGEQIDPSTHR	sp|Q9Y2B0|MSAP_HUMAN	0.5453
FKDLGEENFK	sp|P02768|ALBU_HUMAN	0.9998
ALVLIAFAQYLQQCPFEDHVK	sp|P02768|ALBU_HUMAN	1.0000
ALVLIAFAQYLQQCPFEDHVK	sp|P02768|ALBU_HUMAN	1.0000
QEPERNECFLQHKDDNPNLPR	sp|P02768|ALBU_HUMAN	1.0000
QEPERNECFLQHKDDNPNLPR	sp|P02768|ALBU_HUMAN	1.0000
LVRPEVDVMCTAFHDNEETFLKK	sp|P02768|ALBU_HUMAN	0.9371
LVRPEVDVMCTAFHDNEETFLK	sp|P02768|ALBU_HUMAN	0.9883
RHPYFYAPELLFFAK	sp|P02768|ALBU_HUMAN	0.9961
VHTECCHGDLLECADDR	sp|P02768|ALBU_HUMAN	1.0000
SHCIAEVENDEMPADLPSLAADFVESK	sp|P02768|ALBU_HUMAN	1.0000
SHCIAEVENDEMPADLPSLAADFVESK	sp|P02768|ALBU_HUMAN	1.0000
SHCIAEVENDEMPADLPSLAADFVESK	sp|P02768|ALBU_HUMAN	1.0000
RHPDYSVVLLLR	sp|P02768|ALBU_HUMAN	1.0000
VFDEFKPLVEEPQNLIKQNCELFEQLGEYK	sp|P02768|ALBU_HUMAN	0.9975
VFDEFKPLVEEPQNLIK	sp|P02768|ALBU_HUMAN	1.0000
VPQVSTPTLVEVSR	sp|P02768|ALBU_HUMAN	0.9720
RMPCAEDYLSVVLNQLCVLHEK	sp|P02768|ALBU_HUMAN	1.0000
RMPCAEDYLSVVLNQLCVLHEK	sp|P02768|ALBU_HUMAN	0.9834
RPCFSALEVDETYVPK	sp|P02768|ALBU_HUMAN	1.0000
RPCFSALEVDETYVPK	sp|P02768|ALBU_HUMAN	0.9980
EFNAETFTFHADICTLSEKER	sp|P02768|ALBU_HUMAN	0.9977
ADDKETCFAEEGKK	sp|P02768|ALBU_HUMAN	0.9463
AIAANEADAVTLDAGLVYDAYLAPNNLKPVVAEFYGSK	sp|P02787|TRFE_HUMAN	0.8422
AIAANEADAVTLDAGLVYDAYLAPNNLKPVVAEFYGSK	sp|P02787|TRFE_HUMAN	0.6581
AIAANEADAVTLDAGLVYDAYLAPNNLKPVVAEFYGSK	sp|P02787|TRFE_HUMAN	0.9992
AIAANEADAVTLDAGLVYDAYLAPNNLKPVVAEFYGSK	sp|P02787|TRFE_HUMAN	0.9997
AIAANEADAVTLDAGLVYDAYLAPNNLKPVVAEFYGSK	sp|P02787|TRFE_HUMAN	0.5271
EDPQTFYYAVAVVK	sp|P02787|TRFE_HUMAN	1.0000
SAGWNIPIGLLYCDLPEPR	sp|P02787|TRFE_HUMAN	1.0000
SAGWNIPIGLLYCDLPEPR	sp|P02787|TRFE_HUMAN	1.0000
AVANFFSGSCAPCADGTDFPQLCQLCPGCGCSTLNQYFGYSGAFK	sp|P02787|TRFE_HUMAN	0.9504
HSTIFENLANK	sp|P02787|TRFE_HUMAN	0.9958
KPVDEYKDCHLAQVPSHTVVAR	sp|P02787|TRFE_HUMAN	0.9999
KPVDEYKDCHLAQVPSHTVVAR	sp|P02787|TRFE_HUMAN	0.9941
EDLIWELLNQAQEHFGK	sp|P02787|TRFE_HUMAN	0.9961
EDLIWELLNQAQEHFGK	sp|P02787|TRFE_HUMAN	0.9004
LKCDEWSVNSVGK	sp|P02787|TRFE_HUMAN	0.9995
IMNGEADAMSLDGGFVYIAGK	sp|P02787|TRFE_HUMAN	1.0000
SDNCEDTPEAGYFAVAVVK	sp|P02787|TRFE_HUMAN	1.0000
LCMGSGLNLCEPNNKEGYYGYTGAFR	sp|P02787|TRFE_HUMAN	1.0000
CLVEKGDVAFVK	sp|P02787|TRFE_HUMAN	1.0000
KPVEEYANCHLAR	sp|P02787|TRFE_HUMAN	0.9996
KCSTSSLLEACTFR	sp|P02787|TRFE_HUMAN	0.9996
DSPIQCIQAIAENRADAVTLDGGFIYEAGLAPYK	sp|P02788|TRFL_HUMAN	1.0000
RADAVTLDGGFIYEAGLAPYK	sp|P02788|TRFL_HUMAN	0.7836
ADAVTLDGGFIYEAGLAPYK	sp|P02788|TRFL_HUMAN	1.0000
LRPVAAEVYGTERQPR	sp|P02788|TRFL_HUMAN	0.6379
LRPVAAEVYGTERQPR	sp|P02788|TRFL_HUMAN	0.8992
LRPVAAEVYGTERQPR	sp|P02788|TRFL_HUMAN	1.0000
ESTVFEDLSDEAERDEYELLCPDN	sp|P02788|TRFL_HUMAN	0.7605
ESTVFEDLSDEAERDEYELLCPDNTR	sp|P02788|TRFL_HUMAN	0.9288
VPPRIDSGLYLGSGYFTAIQNLR	sp|P02788|TRFL_HUMAN	0.9997
IDSGLYLGSGYFTAIQNLR	sp|P02788|TRFL_HUMAN	0.9999
IDSGLYLGSGYFTAIQNLRK	sp|P02788|TRFL_HUMAN	0.6890
IDSGLYLGSGYFTAIQNLR	sp|P02788|TRFL_HUMAN	1.0000
LADFALLCLDGKR	sp|P02788|TRFL_HUMAN	0.9821
SCHLAMAPNHAVVSR	sp|P02788|TRFL_HUMAN	0.9988
ADVLTTGAGNPVGDKLNVITVGPR	sp|P04040|CATA_HUMAN	1.0000
GPLLVQDVVFTDEMAHFDRER	sp|P04040|CATA_HUMAN	1.0000
GPLLVQDVVFTDEMAHFDR	sp|P04040|CATA_HUMAN	0.9945
FYTEDGNWDLVGNNTPIFFIRDPILFPSFIHSQK	sp|P04040|CATA_HUMAN	1.0000
YTEDGNWDLVGNNTPIFFIRDPILFPSFIHSQK	sp|P04040|CATA_HUMAN	0.9982
DPILFPSFIHSQK	sp|P04040|CATA_HUMAN	0.9990
HMNGYGSHTFK	sp|P04040|CATA_HUMAN	0.9920
YPSWTFYIQVMTFNQAETFPFNPFDLTK	sp|P04040|CATA_HUMAN	0.3065
VWPHKDYPLIPVGK	sp|P04040|CATA_HUMAN	0.9967
NPVNYFAEVEQIAFDPSNMPPGIEASPDK	sp|P04040|CATA_HUMAN	0.8979
NPVNYFAEVEQIAFDPSNMPPGIEASPDK	sp|P04040|CATA_HUMAN	0.9813
DGPMCMQDNQGGAPNYYPNSFGAPEQQPSALEHSIQYSGEVR	sp|P04040|CATA_HUMAN	1.0000
AFYVNVLNEEQRK	sp|P04040|CATA_HUMAN	0.9958
NFTEVHPDYGSHIQALLDKYNAEKPK	sp|P04040|CATA_HUMAN	0.8956
NAIHTFVQSGSHLAAR	sp|P04040|CATA_HUMAN	1.0000
NAIHTFVQSGSHLAAR	sp|P04040|CATA_HUMAN	0.9911
NAIHTFVQSGSHLAAR	sp|P04040|CATA_HUMAN	0.9857
HGSPVDICTAKPR	sp|P01008|ANT3_HUMAN	1.0000
ATEDEGSEQKIPEATNR	sp|P01008|ANT3_HUMAN	0.9950
FATTFYQHLADSKNDNDNIFLSPLSISTAFAMTK	sp|P01008|ANT3_HUMAN	0.9971
NDNDNIFLSPLSISTAFAMTK	sp|P01008|ANT3_HUMAN	1.0000
ITDVIPSEAINELTVLVLVNTIYFK	sp|P01008|ANT3_HUMAN	0.9987
RVAEGTQVLELPFKGDDITMVLILPKPEK	sp|P01008|ANT3_HUMAN	0.9999
VAEGTQVLELPFKGDDITMVLILPKPEK	sp|P01008|ANT3_HUMAN	0.8308
VAEGTQVLELPFKGDDITMVLILPKPEK	sp|P01008|ANT3_HUMAN	0.9966
VAEGTQVLELPFKGDDITMVLILPKPEK	sp|P01008|ANT3_HUMAN	0.9976
GDDITMVLILPKPEK	sp|P01008|ANT3_HUMAN	0.9990
FRIEDGFSLK	sp|P01008|ANT3_HUMAN	1.0000
IEDGFSLKEQLQDMGLVDLFSPEK	sp|P01008|ANT3_HUMAN	0.9991
SKLPGIVAEGRDDLYVSDAFHK	sp|P01008|ANT3_HUMAN	0.9981
LPGIVAEGRDDLYVSDAFHK	sp|P01008|ANT3_HUMAN	0.9992
LPGIVAEGRDDLYVSDAFHK	sp|P01008|ANT3_HUMAN	0.9990
AGKEPGLQIWR	sp|P06396|GELS_HUMAN	1.0000
VEKFDLVPVPTNLYGDFFTGDAYVILK	sp|P06396|GELS_HUMAN	1.0000
VEKFDLVPVPTNLYGDFFTGDAYVILK	sp|P06396|GELS_HUMAN	0.9692
LGPKPALPAGTEDTAKEDAANRK	sp|P06396|GELS_HUMAN	0.9996
PALPAGTEDTAKEDAANRK	sp|P06396|GELS_HUMAN	0.9989
SEDCFILDHGK	sp|P06396|GELS_HUMAN	0.9974
NWRDPDQTDGLGLSYLSSHIANVER	sp|P06396|GELS_HUMAN	1.0000
DPDQTDGLGLSYLSSHIANVER	sp|P06396|GELS_HUMAN	0.9988
PDQTDGLGLSYLSSHIANVER	sp|P06396|GELS_HUMAN	0.6134
VPFDAATLHTSTAMAAQHGMDDDGTGQK	sp|P06396|GELS_HUMAN	1.0000
IEGSNKVPVDPATYGQFYGGDSYIILYNYR	sp|P06396|GELS_HUMAN	1.0000
QGQIIYNWQGAQSTQDEVAASAILTAQLDEELGGTPVQSR	sp|P06396|GELS_HUMAN	1.0000
QGQIIYNWQGAQSTQDEVAASAILTAQLDEELGGTPVQSR	sp|P06396|GELS_HUMAN	0.9296
QGQIIYNWQGAQSTQDEVAASAILTAQLDEELGGTPVQSR	sp|P06396|GELS_HUMAN	0.9830
QGQIIYNWQGAQSTQDEVAASAILTAQLDEELGGTPVQSR	sp|P06396|GELS_HUMAN	0.8359
EPAHLMSLFGGKPMIIYK	sp|P06396|GELS_HUMAN	1.0000
TPSAAYLWVGTGASEAEKTGAQELLR	sp|P06396|GELS_HUMAN	1.0000
FKLNYKPEEEYPDLSK	sp|P06732|KCRM_HUMAN	0.9986
DKETPSGFTVDDVIQTGVDNPGHPF	sp|P06732|KCRM_HUMAN	0.9999
DKETPSGFTVDDVIQTGVDNPGHPFIMTVGCVAGDEESYEVFK	sp|P06732|KCRM_HUMAN	0.9937
ETPSGFTVDDVIQTGVDNPGHPFIMTVGCVAGDEESYEVFK	sp|P06732|KCRM_HUMAN	0.9915
TDLNHENLKGGDDLDPNYVLSSR	sp|P06732|KCRM_HUMAN	1.0000
SMTEKEQQQLIDDHFLFDKPVSPLLLASGMAR	sp|P06732|KCRM_HUMAN	0.9992
SMTEKEQQQLIDDHFLFDKPVSPLLLASGMAR	sp|P06732|KCRM_HUMAN	0.9931
EQQQLIDDHFLFDKPVSPLLLASGMAR	sp|P06732|KCRM_HUMAN	1.0000
SFLVWVNEEDHLR	sp|P06732|KCRM_HUMAN	0.9947
AGHPFMWNQHLGYVLTCPSNLGTGLR	sp|P06732|KCRM_HUMAN	0.7260
RGTGGVDTAAVGSVFDVSNADR	sp|P06732|KCRM_HUMAN	1.0000
GTGGVDTAAVGSVFDVSNADRLGSSEVEQVQLVVDGVK	sp|P06732|KCRM_HUMAN	1.0000
LGSSEVEQVQLVVDGVK	sp|P06732|KCRM_HUMAN	1.0000
LKAQLGPDESK	sp|P12081|SYHC_HUMAN	0.9905
YREFYQCDFDIAGNFDPMIPDAECLK	sp|P12081|SYHC_HUMAN	0.8878
IMCEILSSLQIGDFLVK	sp|P12081|SYHC_HUMAN	0.8840
IGDYVQQHGGVSLVEQLLQDPK	sp|P12081|SYHC_HUMAN	1.0000
GLDYYTGVIYEAVLLQTPAQAGEEPLGVGSVAAGGR	sp|P12081|SYHC_HUMAN	1.0000
KVPCVGLSIGVER	sp|P12081|SYHC_HUMAN	1.0000
LLNQLQYCEEAGIPLVAIIGEQELKDGVIK	sp|P12081|SYHC_HUMAN	1.0000
LLNQLQYCEEAGIPLVAIIGEQELK	sp|P12081|SYHC_HUMAN	0.9829
LLNQLQYCEEAGIPLVAIIGEQELKDGVIK	sp|P12081|SYHC_HUMAN	1.0000
LLNQLQYCEEAGIPLVAIIGEQELK	sp|P12081|SYHC_HUMAN	1.0000
REDLVEEIKR	sp|P12081|SYHC_HUMAN	0.9966
KDQGGYTMHQDQEGDTDAGLK	sp|P10636|TAU_HUMAN	1.0000
KDQGGYTMHQDQEGDTDAGLK	sp|IPI00025499.1	1.0000
KDQGGYTMHQDQEGDTDAGLK	sp|P10636|TAU_HUMAN	0.9995
KDQGGYTMHQDQEGDTDAGLK	sp|IPI00025499.1	0.9995
STPTAEDVTAPLVDEGAPGK	sp|P10636|TAU_HUMAN	1.0000
STPTAEDVTAPLVDEGAPGK	sp|IPI00025499.1	1.0000
QAAAQPHTEIPEGTTAEEAGIGDTPSLEDEAAGHVTQAR	sp|IPI00025499.1	1.0000
QAAAQPHTEIPEGTTAEEAGIGDTPSLEDEAAGHVTQAR	sp|IPI00025499.1	0.4856
QAAAQPHTEIPEGTTAEEAGIGDTPSLEDEAAGHVTQAR	sp|IPI00025499.1	0.8895
QAAAQPHTEIPEGTTAEEAGIGDTPSLEDEAAGHVTQAR	sp|IPI00025499.1	0.9818
CGSLGNIHHKPGGGQVEVK	sp|P10636|TAU_HUMAN	0.9159
CGSLGNIHHKPGGGQVEVK	sp|IPI00025499.1	0.9159
IGSLDNITHVPGGGNKK	sp|P10636|TAU_HUMAN	0.9997
IGSLDNITHVPGGGNKK	sp|IPI00025499.1	0.9997
IGSLDNITHVPGGGNK	sp|P10636|TAU_HUMAN	0.9744
IGSLDNITHVPGGGNK	sp|IPI00025499.1	0.9744
HLSNVSSTGSIDMVDSPQLATLADEVSASLAK	sp|P10636|TAU_HUMAN	1.0000
HLSNVSSTGSIDMVDSPQLATLADEVSASLAK	sp|IPI00025499.1	1.0000
QSPVDIDTHTAK	sp|P00918|CAH2_HUMAN	0.9845
YDPSLKPLSVSYDQATSLR	sp|P00918|CAH2_HUMAN	1.0000
YDPSLKPLSVSYDQATSLR	sp|P00918|CAH2_HUMAN	1.0000
LIQFHFHWGSLDGQGSEHTVDK	sp|P00918|CAH2_HUMAN	0.9986
LIQFHFHWGSLDGQGSEHTVDK	sp|P00918|CAH2_HUMAN	0.9998
AVQQPDGLAVLGIFLK	sp|P00918|CAH2_HUMAN	1.0000
VVDVLDSIKTKGK	sp|P00918|CAH2_HUMAN	0.7649
GKSADFTNFDPR	sp|P00918|CAH2_HUMAN	1.0000
QVFGEATKQPGITFIAAK	sp|P07339|CATD_HUMAN	0.8610
ISVNNVLPVFDNLMQQK	sp|P07339|CATD_HUMAN	1.0000
LVDQNIFSFYLSR	sp|P07339|CATD_HUMAN	1.0000
KAYWQVHLDQVEVASGLTLCK	sp|P07339|CATD_HUMAN	0.9999
KAYWQVHLDQVEVASGLTLCK	sp|P07339|CATD_HUMAN	1.0000
YYTVFDRDNNR	sp|P07339|CATD_HUMAN	1.0000
LYPIANGNNQSPVDIK	sp|P00915|CAH1_HUMAN	0.6930
TSETKHDTSLKPISVSYNPATAK	sp|P00915|CAH1_HUMAN	0.9944
HDTSLKPISVSYNPATAK	sp|P00915|CAH1_HUMAN	1.0000
EIINVGHSFHVNFEDNDNR	sp|P00915|CAH1_HUMAN	1.0000
EIINVGHSFHVNFEDNDNR	sp|P00915|CAH1_HUMAN	0.9822
YSSLAEAASKADGLAVIGVLMK	sp|P00915|CAH1_HUMAN	0.9998
SLLSNVEGDNAVPMQHNNRPTQPLK	sp|P00915|CAH1_HUMAN	1.0000
SLLSNVEGDNAVPMQHNNRPTQPLK	sp|P00915|CAH1_HUMAN	0.6584
TLGLYGKDQQEAALVDMVNDGVEDLR	sp|P09211|GSTP1_HUMAN	1.0000
ALPGQLKPFETLLSQNQGGK	sp|P09211|GSTP1_HUMAN	0.8313
ALPGQLKPFETLLSQNQGGK	sp|P09211|GSTP1_HUMAN	0.9989
TFIVGDQISFADYNLLDLLLIHEVLAPGCLDAFPLLSAYVGR	sp|P09211|GSTP1_HUMAN	0.9842
AFLASPEYVNLPINGNGKQ	sp|P09211|GSTP1_HUMAN	0.8410
GKYVVFFFYPLDFTFVCPTEIIAFSDR	sp|Q06830|PRDX1_HUMAN	0.9984
YVVFFFYPLDFTFVCPTEIIAFSDR	sp|Q06830|PRDX1_HUMAN	0.8931
LNCQVIGASVDSHFCHLAWVNTPK	sp|Q06830|PRDX1_HUMAN	0.9892
LNCQVIGASVDSHFCHLAWVNTPK	sp|Q06830|PRDX1_HUMAN	0.9978
QGGLGPMNIPLVSDPKR	sp|Q06830|PRDX1_HUMAN	1.0000
RTIAQDYGVLK	sp|Q06830|PRDX1_HUMAN	1.0000
HGEVCPAGWKPGSDTIKPDVQK	sp|Q06830|PRDX1_HUMAN	1.0000
HGEVCPAGWKPGSDTIKPDVQK	sp|Q06830|PRDX1_HUMAN	1.0000
SALTIQLIQNHFVDEYDPTIEDSYRK	sp|P01112|RASH_HUMAN	0.9997
SALTIQLIQNHFVDEYDPTIEDSYRK	sp|P01116|RASK_HUMAN	0.9997
SALTIQLIQNHFVDEYDPTIEDSYRK	sp|P01111|RASN_HUMAN	0.9997
QVVIDGETCLLDILDTAGQEEYSAMR	sp|P01112|RASH_HUMAN	1.0000
QVVIDGETCLLDILDTAGQEEYSAMR	sp|P01116|RASK_HUMAN	1.0000
QVVIDGETCLLDILDTAGQEEYSAMR	sp|P01111|RASN_HUMAN	1.0000
QVVIDGETCLLDILDTAGQEEYSAMRDQYMR	sp|P01112|RASH_HUMAN	0.9993
QVVIDGETCLLDILDTAGQEEYSAMRDQYMR	sp|P01116|RASK_HUMAN	0.9993
QVVIDGETCLLDILDTAGQEEYSAMRDQYMR	sp|P01111|RASN_HUMAN	0.9993
KLNPPDESGPGCMSCK	sp|P01112|RASH_HUMAN	1.0000
SFNGSLKNVAVDELSR	sp|P16083|NQO2_HUMAN	0.9994
EADLVIFQFPLYWFSVPAILK	sp|P16083|NQO2_HUMAN	1.0000
VLCQGFAFDIPGFYDSGLLQGK	sp|P16083|NQO2_HUMAN	0.9999
VLAPQISFAPEIASEEER	sp|P16083|NQO2_HUMAN	1.0000
LLLEYLEEKYEEHLYER	sp|P08515|GST26_SCHJA	0.9992
LLLEYLEEKYEEHLYER	sp|R63165|SUMO1_HUMAN_R	0.9992
ERAEISMLEGAVLDIR	sp|P08515|GST26_SCHJA	0.9999
ERAEISMLEGAVLDIR	sp|R63165|SUMO1_HUMAN_R	0.9999
AEISMLEGAVLDIR	sp|P08515|GST26_SCHJA	1.0000
AEISMLEGAVLDIR	sp|R63165|SUMO1_HUMAN_R	1.0000
TAFQEALDAAGDKLVVVDFSATWCGPCK	sp|P10599|THIO_HUMAN	1.0000
YSNVIFLEVDVDDCQDVASECEVK	sp|P10599|THIO_HUMAN	0.9886
MDCEVNNGSSLRDECITNLLVFGFLQSCSDNSFR	sp|P55957|BID_HUMAN	0.7104
ELDALGHELPVLAPQWEGYDELQTDGNR	sp|P55957|BID_HUMAN	1.0000
NRDLATALEQLLQAYPR	sp|P55957|BID_HUMAN	0.9995
DLATALEQLLQAYPR	sp|P55957|BID_HUMAN	1.0000
DVFHTTVNFINQNLR	sp|P55957|BID_HUMAN	0.9998
AVCVLKGDGPVQGIINFEQK	sp|P00441|SODC_HUMAN	1.0000
GLTEGLHGFHVHEFGDNTAGCTSAGPHFNPLSR	sp|P00441|SODC_HUMAN	1.0000
HVGDLGNVTADKDGVADVSIEDSVISLSGDHCIIGR	sp|P00441|SODC_HUMAN	1.0000
TLTGKTITLEVEPSDTIENVK	sp|P62988|UBIQ_HUMAN	0.9966
GKTITLEVEPSDTIENVK	sp|P62988|UBIQ_HUMAN	0.9702
KTITLEVEPSDTIENVK	sp|P62988|UBIQ_HUMAN	0.4304
TLSDYNIQKESTLHLVLR	sp|P62988|UBIQ_HUMAN	1.0000
TLSDYNIQKESTLHLVLR	sp|P62988|UBIQ_HUMAN	0.9819
DHPFGFVAVPTK	sp|P63279|UBC9_HUMAN	0.9984
NPDGTMNLMNWECAIPGKK	sp|P63279|UBC9_HUMAN	0.9772
KGTPWEGGLFK	sp|P63279|UBC9_HUMAN	0.9996
CKFEPPLFHPNVYPSGTVCLSILEEDKDWRPAITIK	sp|P63279|UBC9_HUMAN	0.9983
QILLGIQELLNEPNIQDPAQAEAYTIYCQNR	sp|P63279|UBC9_HUMAN	1.0000
QILLGIQELLNEPNIQDPAQAEAYTIYCQNR	sp|P63279|UBC9_HUMAN	1.0000
QKVTGLDFIPGLHPILTLSK	sp|P41159|LEP_HUMAN	1.0000
QKVTGLDFIPGLHPILTLSK	sp|P41159|LEP_HUMAN	0.9972
VTGLDFIPGLHPILTLSK	sp|P41159|LEP_HUMAN	1.0000
SCHLPWASGLETLDSLGGVLEASGYSTEVVALSR	sp|P41159|LEP_HUMAN	0.6657
SCHLPWASGLETLDSLGGVLEASGYSTEVVALSR	sp|P41159|LEP_HUMAN	0.9990
SCHLPWASGLETLDSLGGVLEASGYSTEVVALSR	sp|P41159|LEP_HUMAN	1.0000
SCHLPWASGLETLDSLGGVLEASGYSTEVVALSR	sp|P41159|LEP_HUMAN	0.9982
LQGSLQDMLWQLDLSPGC	sp|P41159|LEP_HUMAN	1.0000
HGATVLTALGGILK	sp|P02144|MYG_HUMAN	1.0000
HGATVLTALGGILKK	sp|P02144|MYG_HUMAN	1.0000
YLEFISECIIQVLQSK	sp|P02144|MYG_HUMAN	0.9624
TYFPHFDLSHGSAQVK	sp|P69905|HBA_HUMAN	0.9744
TYFPHFDLSHGSAQVK	sp|P69905|HBA_HUMAN	1.0000
VADALTNAVAHVDDMPNALSALSDLHAHK	sp|P69905|HBA_HUMAN	1.0000
VADALTNAVAHVDDMPNALSALSDLHAHK	sp|P69905|HBA_HUMAN	0.9990
LLSHCLLVTLAAHLPAEFTPAVHASLDK	sp|P69905|HBA_HUMAN	1.0000
HTGPGILSMANAGPNTNGSQFFICTAK	sp|P62937|PPIA_HUMAN	1.0000
HTGPGILSMANAGPNTNGSQFFICTAK	sp|IPI00549466.1	1.0000
VKEGMNIVEAMER	sp|P62937|PPIA_HUMAN	0.8309
VKEGMNIVEAMER	sp|IPI00549466.1	0.8309
VNVDEVGGEALGR	sp|P68871|HBB_HUMAN	0.7759
EFTPPVQAAYQK	sp|P68871|HBB_HUMAN	0.9578
LKDPANFQYPAESVLAYK	sp|P15559|NQO1_HUMAN	0.9936
EGHLSPDIVAEQK	sp|P15559|NQO1_HUMAN	0.9958
LENIWDETPLYFAPSSLFDLNFQAGFLMK	sp|P15559|NQO1_HUMAN	0.9415
GLGTDEESILTLLTSR	sp|P08758|ANXA5_HUMAN	0.9999
QVYEEEYGSSLEDDVVGDTSGYYQR	sp|P08758|ANXA5_HUMAN	1.0000
ETSGNLEQLLLAVVK	sp|P08758|ANXA5_HUMAN	1.0000
SIPAYLAETLYYAMK	sp|P08758|ANXA5_HUMAN	0.7470
KDPEGLFLQDNIVAEFSVDETGQMSATAK	sp|P02753|RETBP_HUMAN	1.0000
QRQEELCLAR	sp|P02753|RETBP_HUMAN	0.7730
DGFNPADVEAGLYGSHLYVWDWQR	sp|Q13228|SBP1_HUMAN	1.0000
DGFNPADVEAGLYGSHLYVWDWQR	sp|IPI00305719.7	1.0000
TIQNDIMLLQLSR	sp|P08311|CATG_HUMAN	0.9985
AQEGLRPGTLCTVAGWGR	sp|P08311|CATG_HUMAN	1.0000
KGDSGGPLLCNNVAHGIVSYGK	sp|P08311|CATG_HUMAN	0.9149
FLTPCYHPNVDTQGNICLDILK	sp|O00762|UBE2C_HUMAN	0.9997
TILLSIQSLLGEPNIDSPLNTHAAELWK	sp|O00762|UBE2C_HUMAN	0.9894
STDYGIFQINSR	sp|P61626|LYSC_HUMAN	1.0000
YWCNDGKTPGAVNACHLSCSALLQDNIADAVACAK	sp|P61626|LYSC_HUMAN	0.9993
TPGAVNACHLSCSALLQDNIADAVACAK	sp|P61626|LYSC_HUMAN	0.9783
TPGAVNACHLSCSALLQDNIADAVACAK	sp|P61626|LYSC_HUMAN	1.0000
EQAGGDATENFEDVGHSTDAR	sp|P00167|CYB5_HUMAN	1.0000
TFIIGELHPDDRPK	sp|P00167|CYB5_HUMAN	0.9863
TLTGKEIEIDIEPTDKVER	sp|Q15843|NEDD8_HUMAN	0.7279
AYRPSETLCGGELVDTLQFVCGDR	sp|P01344|IGF2_HUMAN	1.0000
AFTECCVVASQLR	sp|P01031|CO5_HUMAN	0.9808
GPETLCGAELVDALQFVCGDR	sp|P01343|IGF1A_HUMAN	1.0000
GPETLCGAELVDALQFVCGDR	sp|P05019|IGF1B_HUMAN	1.0000
GFYFNKPTGYGSSSR	sp|P01343|IGF1A_HUMAN	1.0000
GFYFNKPTGYGSSSR	sp|P05019|IGF1B_HUMAN	1.0000
NVQCRPTQVQLRPVQVR	sp|P01127|PDGFB_HUMAN	0.8874
NWETEITAQPDGGKTENCAVLSGAANGK	sp|P05452|TETN_HUMAN	1.0000
ETPEGAEAKPWYEPIYLGGVFQLEK	sp|P01375|TNFA_HUMAN	1.0000
IITHPNFNGNTLDNDIMLIK	sp|P00761|TRYP_PIG	0.9841
SFIQQRLSQTEPVTLIKDIENQT	sp|Q8WZ42|TITIN_HUMAN	0.1654
EKGKSDPRVLGVPVIAK	sp|Q8WZ42|TITIN_HUMAN	0.2126
DVIVVKAGEVLKINADIAGRPLPVISWA	sp|Q8WZ42|TITIN_HUMAN	0.6912
RQDNEILIFWSK	sp|P02741|CRP_HUMAN	1.0000
STEAQRVDDSPSTSGG	sp|Q96LR5|UB2E2_HUMAN	0.6261
VLLSICSLLTDCNPADPLVGSIATQYMTNR	sp|Q96LR5|UB2E2_HUMAN	0.9998
VLLSICSLLTDCNPADPLVGSIATQYMTNR	sp|P51965|UB2E1_HUMAN	0.9998
MSSSHSRAGQSAAGAAPGGGVDTR	sp|P21333|FLNA_HUMAN	0.3091
SGPGLNTTGVPASLPVEFTIDAKDAG	sp|P21333|FLNA_HUMAN	0.2464
FKLDLDFPNLPYLLDGK	sp|P21266|GSTM3_HUMAN	1.0000
LHLETDSLALVALGALDTALYAAGSK	sp|P0C0L4|CO4A_HUMAN	1.0000
LHLETDSLALVALGALDTALYAAGSK	sp|P0C0L5|CO4B_HUMAN	1.0000
AIDKPFLLPIEDVFSISGR	sp|P0A6N1|EFTU_ECOLI	0.9974
IAIQPGTVGPQGRR	sp|P08572|CO4A2_HUMAN	0.7483
FLAETDQGPVPVEITAVEDDHVVVDGNHMLAGQNLK	sp|P0A9L0|SLYD_ECOL6	0.9974
FLAETDQGPVPVEITAVEDDHVVVDGNHMLAGQNLK	sp|P0A9K9|SLYD_ECOLI	0.9974
FLAETDQGPVPVEITAVEDDHVVVDGNHMLAGQNLK	sp|P0A9L1|SLYD_ECO57	0.9974
IQKMLGSCVSHATFDDDLPGVGNLSEFK	sp|Q5VT06|CEP35_HUMAN	0.9504
AAAAAAEAGDIPIYICHQEPR	sp|P30988|CALCR_HUMAN	0.9878
VDGGGGGGGGGGGGEEPAGGFEDAEGPRR	sp|O60741|HCN1_HUMAN	0.9674
EFQVLYSSLFQPLGISLPVFRTIALSSEVVTLEK	sp|Q9HBV1|POPD3_HUMAN	0.2167
EELSSGDSLSPDPWKR	sp|P55196|AFAD_HUMAN	0.6142
GRPRGGGPGPGDPPPSETHK	sp|P10301|RRAS_HUMAN	0.9791
SGNTFRPEVHLLPPPSEELALNELVTLTCLAR	sp|P01876|IGHA1_HUMAN	0.8189
SGNTFRPEVHLLPPPSEELALNELVTLTCLAR	sp|P01877|IGHA2_HUMAN	0.8189
DGMNVLGLIGFFIAFGIAMGKMGDQAK	sp|P43004|EAA2_HUMAN	0.7135
ESFTRLTELVLQAHR	sp|P59190|RAB15_HUMAN	0.3573
LTVPGLSENVPYK	sp|P16144|ITB4_HUMAN	0.9216
GYQTSSGLISSVSVKLK	sp|P51575|P2RX1_HUMAN	0.7388
LCFLEPTSNAQNV	sp|P21817|RYR1_HUMAN	0.8753
